[{"model": "admin.logentry", "pk": 1, "fields": {"action_time": "2021-10-24T13:17:11.254Z", "user": 1, "content_type": 8, "object_id": "1", "object_repr": "django", "action_flag": 2, "change_message": "[{\"changed\": {\"fields\": [\"\\u0410\\u0432\\u0430\\u0442\\u0430\\u0440\"]}}]"}}, {"model": "admin.logentry", "pk": 2, "fields": {"action_time": "2021-10-24T13:17:54.792Z", "user": 1, "content_type": 8, "object_id": "1", "object_repr": "django", "action_flag": 2, "change_message": "[]"}}, {"model": "admin.logentry", "pk": 3, "fields": {"action_time": "2021-10-24T13:47:15.280Z", "user": 6, "content_type": 8, "object_id": "4", "object_repr": "geekbrains", "action_flag": 3, "change_message": ""}}, {"model": "admin.logentry", "pk": 4, "fields": {"action_time": "2021-10-24T13:47:15.284Z", "user": 6, "content_type": 8, "object_id": "3", "object_repr": "maga_maga", "action_flag": 3, "change_message": ""}}, {"model": "admin.logentry", "pk": 5, "fields": {"action_time": "2021-10-24T13:47:15.287Z", "user": 6, "content_type": 8, "object_id": "2", "object_repr": "maga", "action_flag": 3, "change_message": ""}}, {"model": "admin.logentry", "pk": 6, "fields": {"action_time": "2021-12-07T13:02:34.129Z", "user": 12, "content_type": 7, "object_id": "40", "object_repr": "ржавая (Табуретки)", "action_flag": 2, "change_message": "[{\"changed\": {\"fields\": [\"\\u0418\\u0437\\u043e\\u0431\\u0440\\u0430\\u0436\\u0435\\u043d\\u0438\\u0435\"]}}]"}}, {"model": "admin.logentry", "pk": 7, "fields": {"action_time": "2021-12-07T13:02:39.589Z", "user": 12, "content_type": 7, "object_id": "39", "object_repr": "123121 (Дом)", "action_flag": 2, "change_message": "[]"}}, {"model": "admin.logentry", "pk": 8, "fields": {"action_time": "2021-12-07T13:02:52.064Z", "user": 12, "content_type": 7, "object_id": "40", "object_repr": "ржавая (Табуретки)", "action_flag": 2, "change_message": "[{\"changed\": {\"fields\": [\"\\u041e\\u043f\\u0438\\u0441\\u0430\\u043d\\u0438\\u0435\"]}}]"}}, {"model": "admin.logentry", "pk": 9, "fields": {"action_time": "2021-12-07T13:02:56.121Z", "user": 12, "content_type": 7, "object_id": "39", "object_repr": "123121 (Дом)", "action_flag": 2, "change_message": "[{\"changed\": {\"fields\": [\"\\u041e\\u043f\\u0438\\u0441\\u0430\\u043d\\u0438\\u0435\"]}}]"}}, {"model": "admin.logentry", "pk": 10, "fields": {"action_time": "2021-12-07T13:02:58.837Z", "user": 12, "content_type": 7, "object_id": "36", "object_repr": "Стул Офисс-3 (офис)", "action_flag": 2, "change_message": "[]"}}, {"model": "admin.logentry", "pk": 11, "fields": {"action_time": "2021-12-07T13:03:02.034Z", "user": 12, "content_type": 7, "object_id": "35", "object_repr": "Стул Офисс-2 (офис)", "action_flag": 2, "change_message": "[]"}}, {"model": "admin.logentry", "pk": 12, "fields": {"action_time": "2021-12-07T13:03:05.321Z", "user": 12, "content_type": 7, "object_id": "34", "object_repr": "Стул Офисс-1 (офис)", "action_flag": 2, "change_message": "[{\"changed\": {\"fields\": [\"\\u041e\\u043f\\u0438\\u0441\\u0430\\u043d\\u0438\\u0435\"]}}]"}}, {"model": "admin.logentry", "pk": 13, "fields": {"action_time": "2021-12-07T13:03:08.347Z", "user": 12, "content_type": 7, "object_id": "32", "object_repr": "Стул Классик-2 (классик)", "action_flag": 2, "change_message": "[]"}}, {"model": "admin.logentry", "pk": 14, "fields": {"action_time": "2021-12-07T13:03:10.496Z", "user": 12, "content_type": 7, "object_id": "31", "object_repr": "Стул Классик-1 (классик)", "action_flag": 2, "change_message": "[]"}}, {"model": "admin.logentry", "pk": 15, "fields": {"action_time": "2021-12-07T13:03:13.507Z", "user": 12, "content_type": 7, "object_id": "28", "object_repr": "Стул Модерн-1 (модерн)", "action_flag": 2, "change_message": "[]"}}, {"model": "admin.logentry", "pk": 16, "fields": {"action_time": "2021-12-07T13:04:43.005Z", "user": 12, "content_type": 13, "object_id": "1", "object_repr": "pavel_nedoshivin", "action_flag": 2, "change_message": "[]"}}, {"model": "mainapp.productcategory", "pk": 10, "fields": {"name": "модерн", "description": "современные стулья", "is_active": true}}, {"model": "mainapp.productcategory", "pk": 11, "fields": {"name": "классик", "description": "классические стулья", "is_active": true}}, {"model": "mainapp.productcategory", "pk": 12, "fields": {"name": "офис", "description": "офисные стулья", "is_active": true}}, {"model": "mainapp.productcategory", "pk": 14, "fields": {"name": "Дом", "description": "цуef\\s gsghsegseg", "is_active": true}}, {"model": "mainapp.productcategory", "pk": 20, "fields": {"name": "Табуретки", "description": "Четкие табуретки", "is_active": true}}, {"model": "mainapp.product", "pk": 28, "fields": {"category": 10, "name": "Стул Модерн-1", "image": "/products/image_4.jpeg", "short_desc": "Стул Модерн-1", "description": "Lorem ipsum — классический текст-«рыба». Является искажённым отрывком из философского трактата Марка Туллия Цицерона «О пределах добра и зла», написанного в 45 году до н. э. на латинском языке, обнаружение сходства приписывается Ричарду МакКлинтоку.", "price": "4522.00", "quantity": 39, "is_active": true, "updated_at": "2021-12-12T09:22:39.507Z", "created_at": "2021-11-06T14:25:41.293Z"}}, {"model": "mainapp.product", "pk": 31, "fields": {"category": 11, "name": "Стул Классик-1", "image": "/products/image_7.jpeg", "short_desc": "Стул Классик-1", "description": "Lorem ipsum — классический текст-«рыба». Является искажённым отрывком из философского трактата Марка Туллия Цицерона «О пределах добра и зла», написанного в 45 году до н. э. на латинском языке, обнаружение сходства приписывается Ричарду МакКлинтоку.", "price": "5454.00", "quantity": 6, "is_active": true, "updated_at": "2021-12-12T09:22:39.472Z", "created_at": "2021-11-06T14:25:41.293Z"}}, {"model": "mainapp.product", "pk": 32, "fields": {"category": 11, "name": "Стул Классик-2", "image": "/products/image_8.jpeg", "short_desc": "Стул Классик-2", "description": "Lorem ipsum — классический текст-«рыба». Является искажённым отрывком из философского трактата Марка Туллия Цицерона «О пределах добра и зла», написанного в 45 году до н. э. на латинском языке, обнаружение сходства приписывается Ричарду МакКлинтоку.", "price": "1234.00", "quantity": 116, "is_active": true, "updated_at": "2021-12-12T09:17:05.992Z", "created_at": "2021-11-06T14:25:41.293Z"}}, {"model": "mainapp.product", "pk": 33, "fields": {"category": 11, "name": "Стул Классик-3", "image": "/products/image_9.jpeg", "short_desc": "Стул Классик-3", "description": "Lorem ipsum — классический текст-«рыба». Является искажённым отрывком из философского трактата Марка Туллия Цицерона «О пределах добра и зла», написанного в 45 году до н. э. на латинском языке, обнаружение сходства приписывается Ричарду МакКлинтоку.", "price": "660.00", "quantity": 17, "is_active": true, "updated_at": "2021-12-07T15:12:56.121Z", "created_at": "2021-11-06T14:25:41.293Z"}}, {"model": "mainapp.product", "pk": 34, "fields": {"category": 12, "name": "Стул Офисс-1", "image": "/products/image_10.jpeg", "short_desc": "Стул Офисс-1", "description": "Lorem ipsum — классический текст-«рыба». Является искажённым отрывком из философского трактата Марка Туллия Цицерона «О пределах добра и зла», написанного в 45 году до н. э. на латинском языке, обнаружение сходства приписывается Ричарду МакКлинтоку.", "price": "999.00", "quantity": 2, "is_active": true, "updated_at": "2021-12-09T10:00:30.186Z", "created_at": "2021-11-06T14:25:41.293Z"}}, {"model": "mainapp.product", "pk": 35, "fields": {"category": 12, "name": "Стул Офисс-2", "image": "/products/image_11.jpeg", "short_desc": "Стул Офисс-2", "description": "Lorem ipsum — классический текст-«рыба». Является искажённым отрывком из философского трактата Марка Туллия Цицерона «О пределах добра и зла», написанного в 45 году до н. э. на латинском языке, обнаружение сходства приписывается Ричарду МакКлинтоку.", "price": "1999.00", "quantity": 79, "is_active": true, "updated_at": "2021-12-07T15:12:56.079Z", "created_at": "2021-11-06T14:25:41.293Z"}}, {"model": "mainapp.product", "pk": 36, "fields": {"category": 12, "name": "Стул Офисс-3", "image": "/products/image_12.jpeg", "short_desc": "Стул Офисс-3", "description": "Lorem ipsum — классический текст-«рыба». Является искажённым отрывком из философского трактата Марка Туллия Цицерона «О пределах добра и зла», написанного в 45 году до н. э. на латинском языке, обнаружение сходства приписывается Ричарду МакКлинтоку.", "price": "1143.00", "quantity": 88, "is_active": true, "updated_at": "2021-12-07T15:28:11.091Z", "created_at": "2021-11-06T14:25:41.293Z"}}, {"model": "mainapp.product", "pk": 39, "fields": {"category": 14, "name": "123121", "image": "products/1525432662271.png", "short_desc": "e3rw3r", "description": "Lorem ipsum — классический текст-«рыба». Является искажённым отрывком из философского трактата Марка Туллия Цицерона «О пределах добра и зла», написанного в 45 году до н. э. на латинском языке, обнаружение сходства приписывается Ричарду МакКлинтоку.", "price": "10000.00", "quantity": 70, "is_active": true, "updated_at": "2021-12-15T07:49:47.500Z", "created_at": "2021-11-10T08:33:43.206Z"}}, {"model": "mainapp.product", "pk": 40, "fields": {"category": 20, "name": "ржавая", "image": "products/image_5_jI2w1q7.jpeg", "short_desc": "ржавая табуретка", "description": "Lorem ipsum — классический текст-«рыба». Является искажённым отрывком из философского трактата Марка Туллия Цицерона «О пределах добра и зла», написанного в 45 году до н. э. на латинском языке, обнаружение сходства приписывается Ричарду МакКлинтоку.", "price": "5000.00", "quantity": 116, "is_active": true, "updated_at": "2021-12-15T10:14:50.873Z", "created_at": "2021-11-11T12:55:01.461Z"}}, {"model": "authapp.userprofile", "pk": 1, "fields": {"password": "pbkdf2_sha256$260000$POV1UmXlSetNXDt5k5lxqB$qs9H6TQCVw9AkwgHpbM9vU/9Yp75zVSfXt5PM/TKReQ=", "last_login": "2021-11-11T07:42:38Z", "username": "django", "first_name": "Василий", "last_name": "Пупкин", "email": "django@geekshop.local", "is_staff": true, "is_active": true, "date_joined": "2021-10-24T10:28:05Z", "avatar": "", "age": 19, "is_superuser": true, "activate_key": null, "activate_key_expired": null, "groups": [], "user_permissions": [1]}}, {"model": "authapp.userprofile", "pk": 6, "fields": {"password": "pbkdf2_sha256$260000$uVFZmMkOyR3J3N469nNaBu$xPDTzFNt94LPWIhg1IAW0EqwjHDfQKBnL0U5u4oXpHo=", "last_login": "2021-11-07T16:06:43.491Z", "username": "baster74", "first_name": "Василий", "last_name": "Иванов", "email": "yatour74@gmail.com", "is_staff": true, "is_active": true, "date_joined": "2021-10-24T13:45:04Z", "avatar": "avatar/6606_-_Male_User.png", "age": 27, "is_superuser": true, "activate_key": null, "activate_key_expired": null, "groups": [], "user_permissions": []}}, {"model": "authapp.userprofile", "pk": 12, "fields": {"password": "pbkdf2_sha256$260000$PGKQrBAuP3U7CzOEbH39wO$g2SPz9Y5dqfVzEff43FD+VVaAbuQbXaJd9rzhb+fA6Q=", "last_login": "2021-12-15T07:49:14.168Z", "username": "admin", "first_name": "Павел", "last_name": "Недошивин", "email": "admin@domain.com", "is_staff": true, "is_active": true, "date_joined": "2021-11-11T13:40:31Z", "avatar": "", "age": 34, "is_superuser": true, "activate_key": null, "activate_key_expired": null, "groups": [], "user_permissions": []}}, {"model": "authapp.userprofile", "pk": 13, "fields": {"password": "!PorQ4W5Gkv6zemsZ28tzjG0U5FFvOOU84cmltdG1", "last_login": "2021-12-15T07:48:20.513Z", "username": "pavel_nedoshivin", "first_name": "Павел", "last_name": "Недошивин", "email": "", "is_staff": true, "is_active": true, "date_joined": "2021-11-23T09:57:19Z", "avatar": "avatar/13.jpeg", "age": 34, "is_superuser": true, "activate_key": null, "activate_key_expired": null, "groups": [], "user_permissions": []}}, {"model": "authapp.userprofile", "pk": 15, "fields": {"password": "pbkdf2_sha256$260000$9Dq1yXRgWDshLRrqY0gthw$tDlSppA82k6EnEXnOwsUaRYa36zoq62TAyLYtV7HCs4=", "last_login": "2021-11-26T15:33:47.018Z", "username": "geekshop", "first_name": "geekshop", "last_name": "geekshop", "email": "geekshop@geekshop.ru", "is_staff": false, "is_active": true, "date_joined": "2021-11-26T15:32:13.427Z", "avatar": "", "age": 18, "is_superuser": false, "activate_key": null, "activate_key_expired": null, "groups": [], "user_permissions": []}}, {"model": "authapp.userprofile", "pk": 16, "fields": {"password": "pbkdf2_sha256$260000$t7aH1wFvYDueWaqw7PZeEU$Vp2jKctsttCd8GSt9SG+5UsABrDXuDnbvaheUg3KKWA=", "last_login": null, "username": "test11", "first_name": "test", "last_name": "test", "email": "test@test.ru", "is_staff": false, "is_active": true, "date_joined": "2021-12-08T10:51:28.966Z", "avatar": "", "age": 18, "is_superuser": false, "activate_key": null, "activate_key_expired": null, "groups": [], "user_permissions": []}}, {"model": "authapp.shopuserprofile", "pk": 1, "fields": {"user": 1, "tagline": "", "about_me": "", "gender": "M"}}, {"model": "authapp.shopuserprofile", "pk": 2, "fields": {"user": 6, "tagline": "", "about_me": "", "gender": "M"}}, {"model": "authapp.shopuserprofile", "pk": 4, "fields": {"user": 12, "tagline": "", "about_me": "й2уй2уй2у", "gender": "M"}}, {"model": "authapp.shopuserprofile", "pk": 5, "fields": {"user": 13, "tagline": "", "about_me": "", "gender": "M"}}, {"model": "basket.basket", "pk": 16, "fields": {"user": 1, "product": 36, "quantity": 2, "add_datatime": "2021-11-06T12:57:14.813Z"}}, {"model": "basket.basket", "pk": 17, "fields": {"user": 1, "product": 35, "quantity": 1, "add_datatime": "2021-11-06T12:57:17.714Z"}}, {"model": "basket.basket", "pk": 18, "fields": {"user": 1, "product": 32, "quantity": 1, "add_datatime": "2021-11-06T13:17:38.915Z"}}, {"model": "basket.basket", "pk": 19, "fields": {"user": 1, "product": 31, "quantity": 8, "add_datatime": "2021-11-11T11:53:46.224Z"}}, {"model": "basket.basket", "pk": 65, "fields": {"user": 12, "product": 39, "quantity": 1, "add_datatime": "2021-12-15T07:49:47.526Z"}}, {"model": "basket.basket", "pk": 66, "fields": {"user": 12, "product": 40, "quantity": 1, "add_datatime": "2021-12-15T08:00:13.770Z"}}, {"model": "social_django.usersocialauth", "pk": 1, "fields": {"user": 13, "provider": "vk-oauth2", "uid": "3031155", "extra_data": "{\"auth_time\": 1639554500, \"id\": 3031155, \"expires\": 86400, \"access_token\": \"4970a4c09229e9978f2990a791e3b520ee8eda4bcfe8f658c090a9f8ead7388879e0fb747a52c8c663a72\", \"token_type\": null}", "created": "2021-11-23T09:57:19.942Z", "modified": "2021-12-15T07:48:20.358Z"}}, {"model": "ordersapp.order", "pk": 2, "fields": {"user": 12, "created": "2021-11-26T19:36:24.577Z", "updated": "2021-11-27T13:32:04.671Z", "status": "FM", "is_active": false}}, {"model": "ordersapp.order", "pk": 3, "fields": {"user": 12, "created": "2021-11-26T19:37:48.326Z", "updated": "2021-11-27T14:52:12.767Z", "status": "FM", "is_active": false}}, {"model": "ordersapp.order", "pk": 4, "fields": {"user": 12, "created": "2021-11-26T19:38:10.311Z", "updated": "2021-11-27T13:32:20.505Z", "status": "FM", "is_active": false}}, {"model": "ordersapp.order", "pk": 5, "fields": {"user": 12, "created": "2021-11-26T19:46:39.791Z", "updated": "2021-11-27T13:32:17.989Z", "status": "FM", "is_active": false}}, {"model": "ordersapp.order", "pk": 6, "fields": {"user": 12, "created": "2021-11-26T19:48:31.197Z", "updated": "2021-11-27T13:32:15.648Z", "status": "FM", "is_active": false}}, {"model": "ordersapp.order", "pk": 7, "fields": {"user": 12, "created": "2021-11-26T19:49:12.581Z", "updated": "2021-11-27T13:32:13.480Z", "status": "FM", "is_active": false}}, {"model": "ordersapp.order", "pk": 8, "fields": {"user": 12, "created": "2021-11-26T19:49:33.551Z", "updated": "2021-11-27T13:32:11.518Z", "status": "FM", "is_active": false}}, {"model": "ordersapp.order", "pk": 9, "fields": {"user": 12, "created": "2021-11-26T19:50:00.280Z", "updated": "2021-11-27T13:32:09.027Z", "status": "FM", "is_active": false}}, {"model": "ordersapp.order", "pk": 10, "fields": {"user": 12, "created": "2021-11-26T19:51:12.649Z", "updated": "2021-11-27T13:32:07.061Z", "status": "FM", "is_active": false}}, {"model": "ordersapp.order", "pk": 11, "fields": {"user": 12, "created": "2021-11-26T19:52:05.473Z", "updated": "2021-11-27T13:31:44.135Z", "status": "FM", "is_active": false}}, {"model": "ordersapp.order", "pk": 12, "fields": {"user": 12, "created": "2021-11-26T19:52:41.394Z", "updated": "2021-11-27T13:31:42.212Z", "status": "FM", "is_active": false}}, {"model": "ordersapp.order", "pk": 13, "fields": {"user": 12, "created": "2021-11-26T19:53:43.933Z", "updated": "2021-11-27T13:31:39.987Z", "status": "FM", "is_active": false}}, {"model": "ordersapp.order", "pk": 14, "fields": {"user": 12, "created": "2021-11-26T19:58:32.650Z", "updated": "2021-11-27T13:31:37.721Z", "status": "FM", "is_active": false}}, {"model": "ordersapp.order", "pk": 15, "fields": {"user": 12, "created": "2021-11-27T11:55:04.483Z", "updated": "2021-11-27T13:31:33.701Z", "status": "FM", "is_active": false}}, {"model": "ordersapp.order", "pk": 16, "fields": {"user": 12, "created": "2021-11-27T12:00:07.291Z", "updated": "2021-11-27T13:25:54.196Z", "status": "FM", "is_active": false}}, {"model": "ordersapp.order", "pk": 17, "fields": {"user": 12, "created": "2021-11-27T12:37:10.833Z", "updated": "2021-11-27T13:25:49.457Z", "status": "FM", "is_active": false}}, {"model": "ordersapp.order", "pk": 18, "fields": {"user": 12, "created": "2021-11-27T13:31:52.848Z", "updated": "2021-11-27T13:32:01.573Z", "status": "FM", "is_active": false}}, {"model": "ordersapp.order", "pk": 19, "fields": {"user": 12, "created": "2021-11-27T13:33:37.419Z", "updated": "2021-11-27T13:35:27.528Z", "status": "FM", "is_active": false}}, {"model": "ordersapp.order", "pk": 20, "fields": {"user": 12, "created": "2021-11-27T13:34:05.747Z", "updated": "2021-11-27T13:35:25.242Z", "status": "FM", "is_active": false}}, {"model": "ordersapp.order", "pk": 21, "fields": {"user": 12, "created": "2021-11-27T13:34:59.260Z", "updated": "2021-11-27T13:35:22.725Z", "status": "FM", "is_active": false}}, {"model": "ordersapp.order", "pk": 22, "fields": {"user": 12, "created": "2021-11-27T13:35:05.865Z", "updated": "2021-11-27T13:35:20.757Z", "status": "FM", "is_active": false}}, {"model": "ordersapp.order", "pk": 23, "fields": {"user": 12, "created": "2021-11-27T13:35:30.786Z", "updated": "2021-11-27T13:35:56.203Z", "status": "FM", "is_active": false}}, {"model": "ordersapp.order", "pk": 24, "fields": {"user": 12, "created": "2021-11-27T13:35:35.437Z", "updated": "2021-11-27T13:35:58.215Z", "status": "FM", "is_active": false}}, {"model": "ordersapp.order", "pk": 25, "fields": {"user": 12, "created": "2021-11-27T13:35:45.429Z", "updated": "2021-11-27T13:36:00.838Z", "status": "FM", "is_active": false}}, {"model": "ordersapp.order", "pk": 26, "fields": {"user": 12, "created": "2021-11-27T13:35:49.742Z", "updated": "2021-11-27T13:58:46.073Z", "status": "FM", "is_active": false}}, {"model": "ordersapp.order", "pk": 27, "fields": {"user": 12, "created": "2021-11-27T13:37:52.750Z", "updated": "2021-11-27T13:58:43.731Z", "status": "FM", "is_active": false}}, {"model": "ordersapp.order", "pk": 28, "fields": {"user": 12, "created": "2021-11-27T13:37:56.989Z", "updated": "2021-11-27T13:58:41.150Z", "status": "FM", "is_active": false}}, {"model": "ordersapp.order", "pk": 29, "fields": {"user": 12, "created": "2021-11-27T13:46:55.294Z", "updated": "2021-11-27T13:58:38.745Z", "status": "FM", "is_active": false}}, {"model": "ordersapp.order", "pk": 30, "fields": {"user": 12, "created": "2021-11-27T13:47:02.349Z", "updated": "2021-11-27T13:58:36.904Z", "status": "FM", "is_active": false}}, {"model": "ordersapp.order", "pk": 31, "fields": {"user": 12, "created": "2021-11-27T13:47:42.136Z", "updated": "2021-11-27T13:58:34.761Z", "status": "FM", "is_active": false}}, {"model": "ordersapp.order", "pk": 32, "fields": {"user": 12, "created": "2021-11-27T13:47:51.074Z", "updated": "2021-11-27T13:58:16.444Z", "status": "FM", "is_active": false}}, {"model": "ordersapp.order", "pk": 33, "fields": {"user": 12, "created": "2021-11-27T13:48:44.079Z", "updated": "2021-11-27T13:51:02.734Z", "status": "FM", "is_active": false}}, {"model": "ordersapp.order", "pk": 34, "fields": {"user": 12, "created": "2021-11-27T13:51:14.823Z", "updated": "2021-11-27T13:57:38.622Z", "status": "FM", "is_active": false}}, {"model": "ordersapp.order", "pk": 35, "fields": {"user": 12, "created": "2021-11-27T13:51:25.936Z", "updated": "2021-11-27T13:57:30.980Z", "status": "FM", "is_active": false}}, {"model": "ordersapp.order", "pk": 36, "fields": {"user": 12, "created": "2021-11-27T13:58:24.682Z", "updated": "2021-11-27T13:58:31.945Z", "status": "FM", "is_active": false}}, {"model": "ordersapp.order", "pk": 37, "fields": {"user": 12, "created": "2021-11-27T14:00:14.793Z", "updated": "2021-11-27T14:08:38.851Z", "status": "STP", "is_active": true}}, {"model": "ordersapp.order", "pk": 38, "fields": {"user": 12, "created": "2021-11-27T14:00:46.144Z", "updated": "2021-11-27T14:07:20.745Z", "status": "PRD", "is_active": true}}, {"model": "ordersapp.order", "pk": 39, "fields": {"user": 12, "created": "2021-11-27T14:51:58.782Z", "updated": "2021-11-27T14:52:03.550Z", "status": "FM", "is_active": false}}, {"model": "ordersapp.order", "pk": 41, "fields": {"user": 12, "created": "2021-11-29T09:03:32.786Z", "updated": "2021-11-29T09:03:40.261Z", "status": "STP", "is_active": true}}, {"model": "ordersapp.order", "pk": 43, "fields": {"user": 12, "created": "2021-11-29T09:34:38.072Z", "updated": "2021-11-29T10:20:01.807Z", "status": "STP", "is_active": true}}, {"model": "ordersapp.order", "pk": 57, "fields": {"user": 12, "created": "2021-12-07T15:12:55.729Z", "updated": "2021-12-07T15:26:24.729Z", "status": "STP", "is_active": true}}, {"model": "ordersapp.order", "pk": 58, "fields": {"user": 12, "created": "2021-12-07T15:28:11.000Z", "updated": "2021-12-12T09:16:59.742Z", "status": "FM", "is_active": true}}, {"model": "ordersapp.order", "pk": 59, "fields": {"user": 13, "created": "2021-12-09T10:00:30.084Z", "updated": "2021-12-09T10:00:30.320Z", "status": "FM", "is_active": true}}, {"model": "ordersapp.order", "pk": 60, "fields": {"user": 12, "created": "2021-12-12T09:17:05.940Z", "updated": "2021-12-15T08:04:45.941Z", "status": "FM", "is_active": true}}, {"model": "ordersapp.orderitem", "pk": 6, "fields": {"order": 2, "product": 40, "quantity": 3}}, {"model": "ordersapp.orderitem", "pk": 7, "fields": {"order": 2, "product": 36, "quantity": 2}}, {"model": "ordersapp.orderitem", "pk": 8, "fields": {"order": 2, "product": 35, "quantity": 2}}, {"model": "ordersapp.orderitem", "pk": 9, "fields": {"order": 2, "product": 39, "quantity": 1}}, {"model": "ordersapp.orderitem", "pk": 10, "fields": {"order": 2, "product": 28, "quantity": 1}}, {"model": "ordersapp.orderitem", "pk": 11, "fields": {"order": 12, "product": 40, "quantity": 3}}, {"model": "ordersapp.orderitem", "pk": 12, "fields": {"order": 12, "product": 36, "quantity": 2}}, {"model": "ordersapp.orderitem", "pk": 13, "fields": {"order": 12, "product": 35, "quantity": 2}}, {"model": "ordersapp.orderitem", "pk": 14, "fields": {"order": 12, "product": 39, "quantity": 1}}, {"model": "ordersapp.orderitem", "pk": 15, "fields": {"order": 12, "product": 28, "quantity": 1}}, {"model": "ordersapp.orderitem", "pk": 16, "fields": {"order": 13, "product": 40, "quantity": 3}}, {"model": "ordersapp.orderitem", "pk": 17, "fields": {"order": 13, "product": 36, "quantity": 2}}, {"model": "ordersapp.orderitem", "pk": 18, "fields": {"order": 13, "product": 35, "quantity": 2}}, {"model": "ordersapp.orderitem", "pk": 19, "fields": {"order": 13, "product": 39, "quantity": 1}}, {"model": "ordersapp.orderitem", "pk": 20, "fields": {"order": 13, "product": 28, "quantity": 1}}, {"model": "ordersapp.orderitem", "pk": 21, "fields": {"order": 14, "product": 40, "quantity": 3}}, {"model": "ordersapp.orderitem", "pk": 22, "fields": {"order": 14, "product": 36, "quantity": 2}}, {"model": "ordersapp.orderitem", "pk": 23, "fields": {"order": 14, "product": 35, "quantity": 2}}, {"model": "ordersapp.orderitem", "pk": 24, "fields": {"order": 14, "product": 39, "quantity": 1}}, {"model": "ordersapp.orderitem", "pk": 25, "fields": {"order": 14, "product": 28, "quantity": 1}}, {"model": "ordersapp.orderitem", "pk": 26, "fields": {"order": 15, "product": 28, "quantity": 3}}, {"model": "ordersapp.orderitem", "pk": 27, "fields": {"order": 15, "product": 36, "quantity": 2}}, {"model": "ordersapp.orderitem", "pk": 28, "fields": {"order": 15, "product": 35, "quantity": 2}}, {"model": "ordersapp.orderitem", "pk": 29, "fields": {"order": 15, "product": 39, "quantity": 1}}, {"model": "ordersapp.orderitem", "pk": 30, "fields": {"order": 15, "product": 28, "quantity": 1}}, {"model": "ordersapp.orderitem", "pk": 31, "fields": {"order": 16, "product": 40, "quantity": 3}}, {"model": "ordersapp.orderitem", "pk": 32, "fields": {"order": 16, "product": 36, "quantity": 2}}, {"model": "ordersapp.orderitem", "pk": 33, "fields": {"order": 16, "product": 35, "quantity": 2}}, {"model": "ordersapp.orderitem", "pk": 34, "fields": {"order": 16, "product": 39, "quantity": 1}}, {"model": "ordersapp.orderitem", "pk": 35, "fields": {"order": 16, "product": 28, "quantity": 1}}, {"model": "ordersapp.orderitem", "pk": 36, "fields": {"order": 17, "product": 40, "quantity": 3}}, {"model": "ordersapp.orderitem", "pk": 37, "fields": {"order": 17, "product": 36, "quantity": 2}}, {"model": "ordersapp.orderitem", "pk": 38, "fields": {"order": 17, "product": 35, "quantity": 2}}, {"model": "ordersapp.orderitem", "pk": 39, "fields": {"order": 17, "product": 39, "quantity": 1}}, {"model": "ordersapp.orderitem", "pk": 40, "fields": {"order": 17, "product": 28, "quantity": 1}}, {"model": "ordersapp.orderitem", "pk": 41, "fields": {"order": 18, "product": 40, "quantity": 5}}, {"model": "ordersapp.orderitem", "pk": 42, "fields": {"order": 18, "product": 36, "quantity": 2}}, {"model": "ordersapp.orderitem", "pk": 43, "fields": {"order": 19, "product": 40, "quantity": 3}}, {"model": "ordersapp.orderitem", "pk": 44, "fields": {"order": 19, "product": 36, "quantity": 2}}, {"model": "ordersapp.orderitem", "pk": 45, "fields": {"order": 19, "product": 35, "quantity": 2}}, {"model": "ordersapp.orderitem", "pk": 46, "fields": {"order": 19, "product": 39, "quantity": 1}}, {"model": "ordersapp.orderitem", "pk": 47, "fields": {"order": 19, "product": 28, "quantity": 1}}, {"model": "ordersapp.orderitem", "pk": 48, "fields": {"order": 20, "product": 40, "quantity": 3}}, {"model": "ordersapp.orderitem", "pk": 49, "fields": {"order": 20, "product": 36, "quantity": 2}}, {"model": "ordersapp.orderitem", "pk": 50, "fields": {"order": 20, "product": 35, "quantity": 2}}, {"model": "ordersapp.orderitem", "pk": 51, "fields": {"order": 20, "product": 39, "quantity": 1}}, {"model": "ordersapp.orderitem", "pk": 52, "fields": {"order": 20, "product": 28, "quantity": 1}}, {"model": "ordersapp.orderitem", "pk": 53, "fields": {"order": 21, "product": 40, "quantity": 3}}, {"model": "ordersapp.orderitem", "pk": 54, "fields": {"order": 21, "product": 36, "quantity": 2}}, {"model": "ordersapp.orderitem", "pk": 55, "fields": {"order": 21, "product": 35, "quantity": 2}}, {"model": "ordersapp.orderitem", "pk": 56, "fields": {"order": 21, "product": 39, "quantity": 1}}, {"model": "ordersapp.orderitem", "pk": 57, "fields": {"order": 21, "product": 28, "quantity": 1}}, {"model": "ordersapp.orderitem", "pk": 58, "fields": {"order": 22, "product": 40, "quantity": 3}}, {"model": "ordersapp.orderitem", "pk": 59, "fields": {"order": 22, "product": 36, "quantity": 2}}, {"model": "ordersapp.orderitem", "pk": 60, "fields": {"order": 22, "product": 35, "quantity": 2}}, {"model": "ordersapp.orderitem", "pk": 61, "fields": {"order": 22, "product": 39, "quantity": 1}}, {"model": "ordersapp.orderitem", "pk": 62, "fields": {"order": 22, "product": 28, "quantity": 1}}, {"model": "ordersapp.orderitem", "pk": 63, "fields": {"order": 23, "product": 40, "quantity": 3}}, {"model": "ordersapp.orderitem", "pk": 64, "fields": {"order": 23, "product": 36, "quantity": 2}}, {"model": "ordersapp.orderitem", "pk": 65, "fields": {"order": 23, "product": 35, "quantity": 2}}, {"model": "ordersapp.orderitem", "pk": 66, "fields": {"order": 23, "product": 39, "quantity": 1}}, {"model": "ordersapp.orderitem", "pk": 67, "fields": {"order": 23, "product": 28, "quantity": 1}}, {"model": "ordersapp.orderitem", "pk": 68, "fields": {"order": 24, "product": 40, "quantity": 3}}, {"model": "ordersapp.orderitem", "pk": 69, "fields": {"order": 24, "product": 36, "quantity": 2}}, {"model": "ordersapp.orderitem", "pk": 70, "fields": {"order": 24, "product": 35, "quantity": 2}}, {"model": "ordersapp.orderitem", "pk": 71, "fields": {"order": 24, "product": 39, "quantity": 1}}, {"model": "ordersapp.orderitem", "pk": 72, "fields": {"order": 24, "product": 28, "quantity": 1}}, {"model": "ordersapp.orderitem", "pk": 73, "fields": {"order": 25, "product": 40, "quantity": 3}}, {"model": "ordersapp.orderitem", "pk": 74, "fields": {"order": 25, "product": 36, "quantity": 2}}, {"model": "ordersapp.orderitem", "pk": 75, "fields": {"order": 25, "product": 35, "quantity": 2}}, {"model": "ordersapp.orderitem", "pk": 76, "fields": {"order": 25, "product": 39, "quantity": 1}}, {"model": "ordersapp.orderitem", "pk": 77, "fields": {"order": 25, "product": 28, "quantity": 1}}, {"model": "ordersapp.orderitem", "pk": 78, "fields": {"order": 26, "product": 40, "quantity": 3}}, {"model": "ordersapp.orderitem", "pk": 79, "fields": {"order": 26, "product": 36, "quantity": 2}}, {"model": "ordersapp.orderitem", "pk": 80, "fields": {"order": 26, "product": 35, "quantity": 2}}, {"model": "ordersapp.orderitem", "pk": 81, "fields": {"order": 26, "product": 39, "quantity": 1}}, {"model": "ordersapp.orderitem", "pk": 82, "fields": {"order": 26, "product": 28, "quantity": 1}}, {"model": "ordersapp.orderitem", "pk": 83, "fields": {"order": 27, "product": 40, "quantity": 3}}, {"model": "ordersapp.orderitem", "pk": 84, "fields": {"order": 27, "product": 36, "quantity": 2}}, {"model": "ordersapp.orderitem", "pk": 85, "fields": {"order": 27, "product": 35, "quantity": 2}}, {"model": "ordersapp.orderitem", "pk": 86, "fields": {"order": 27, "product": 39, "quantity": 1}}, {"model": "ordersapp.orderitem", "pk": 87, "fields": {"order": 27, "product": 28, "quantity": 1}}, {"model": "ordersapp.orderitem", "pk": 88, "fields": {"order": 28, "product": 40, "quantity": 3}}, {"model": "ordersapp.orderitem", "pk": 89, "fields": {"order": 28, "product": 36, "quantity": 2}}, {"model": "ordersapp.orderitem", "pk": 90, "fields": {"order": 28, "product": 35, "quantity": 2}}, {"model": "ordersapp.orderitem", "pk": 91, "fields": {"order": 28, "product": 39, "quantity": 1}}, {"model": "ordersapp.orderitem", "pk": 92, "fields": {"order": 28, "product": 28, "quantity": 1}}, {"model": "ordersapp.orderitem", "pk": 93, "fields": {"order": 29, "product": 40, "quantity": 3}}, {"model": "ordersapp.orderitem", "pk": 94, "fields": {"order": 29, "product": 36, "quantity": 2}}, {"model": "ordersapp.orderitem", "pk": 95, "fields": {"order": 29, "product": 35, "quantity": 2}}, {"model": "ordersapp.orderitem", "pk": 96, "fields": {"order": 29, "product": 39, "quantity": 1}}, {"model": "ordersapp.orderitem", "pk": 97, "fields": {"order": 29, "product": 28, "quantity": 1}}, {"model": "ordersapp.orderitem", "pk": 98, "fields": {"order": 30, "product": 40, "quantity": 3}}, {"model": "ordersapp.orderitem", "pk": 99, "fields": {"order": 30, "product": 36, "quantity": 2}}, {"model": "ordersapp.orderitem", "pk": 100, "fields": {"order": 30, "product": 35, "quantity": 2}}, {"model": "ordersapp.orderitem", "pk": 101, "fields": {"order": 30, "product": 39, "quantity": 1}}, {"model": "ordersapp.orderitem", "pk": 102, "fields": {"order": 30, "product": 28, "quantity": 1}}, {"model": "ordersapp.orderitem", "pk": 103, "fields": {"order": 31, "product": 40, "quantity": 3}}, {"model": "ordersapp.orderitem", "pk": 104, "fields": {"order": 31, "product": 36, "quantity": 2}}, {"model": "ordersapp.orderitem", "pk": 105, "fields": {"order": 31, "product": 35, "quantity": 2}}, {"model": "ordersapp.orderitem", "pk": 106, "fields": {"order": 31, "product": 39, "quantity": 1}}, {"model": "ordersapp.orderitem", "pk": 107, "fields": {"order": 31, "product": 28, "quantity": 1}}, {"model": "ordersapp.orderitem", "pk": 108, "fields": {"order": 32, "product": 40, "quantity": 3}}, {"model": "ordersapp.orderitem", "pk": 109, "fields": {"order": 32, "product": 36, "quantity": 2}}, {"model": "ordersapp.orderitem", "pk": 110, "fields": {"order": 32, "product": 35, "quantity": 2}}, {"model": "ordersapp.orderitem", "pk": 111, "fields": {"order": 32, "product": 39, "quantity": 1}}, {"model": "ordersapp.orderitem", "pk": 112, "fields": {"order": 32, "product": 28, "quantity": 1}}, {"model": "ordersapp.orderitem", "pk": 113, "fields": {"order": 33, "product": 40, "quantity": 3}}, {"model": "ordersapp.orderitem", "pk": 114, "fields": {"order": 33, "product": 36, "quantity": 2}}, {"model": "ordersapp.orderitem", "pk": 115, "fields": {"order": 33, "product": 35, "quantity": 2}}, {"model": "ordersapp.orderitem", "pk": 116, "fields": {"order": 33, "product": 39, "quantity": 1}}, {"model": "ordersapp.orderitem", "pk": 117, "fields": {"order": 33, "product": 28, "quantity": 1}}, {"model": "ordersapp.orderitem", "pk": 118, "fields": {"order": 34, "product": 40, "quantity": 3}}, {"model": "ordersapp.orderitem", "pk": 119, "fields": {"order": 34, "product": 36, "quantity": 2}}, {"model": "ordersapp.orderitem", "pk": 120, "fields": {"order": 34, "product": 35, "quantity": 2}}, {"model": "ordersapp.orderitem", "pk": 121, "fields": {"order": 34, "product": 39, "quantity": 1}}, {"model": "ordersapp.orderitem", "pk": 122, "fields": {"order": 34, "product": 28, "quantity": 1}}, {"model": "ordersapp.orderitem", "pk": 123, "fields": {"order": 35, "product": 40, "quantity": 3}}, {"model": "ordersapp.orderitem", "pk": 124, "fields": {"order": 35, "product": 36, "quantity": 2}}, {"model": "ordersapp.orderitem", "pk": 125, "fields": {"order": 35, "product": 35, "quantity": 2}}, {"model": "ordersapp.orderitem", "pk": 126, "fields": {"order": 35, "product": 39, "quantity": 1}}, {"model": "ordersapp.orderitem", "pk": 127, "fields": {"order": 35, "product": 28, "quantity": 1}}, {"model": "ordersapp.orderitem", "pk": 128, "fields": {"order": 32, "product": 40, "quantity": 0}}, {"model": "ordersapp.orderitem", "pk": 129, "fields": {"order": 3, "product": 33, "quantity": 0}}, {"model": "ordersapp.orderitem", "pk": 130, "fields": {"order": 36, "product": 40, "quantity": 3}}, {"model": "ordersapp.orderitem", "pk": 131, "fields": {"order": 36, "product": 36, "quantity": 2}}, {"model": "ordersapp.orderitem", "pk": 132, "fields": {"order": 36, "product": 35, "quantity": 2}}, {"model": "ordersapp.orderitem", "pk": 133, "fields": {"order": 36, "product": 39, "quantity": 1}}, {"model": "ordersapp.orderitem", "pk": 134, "fields": {"order": 36, "product": 28, "quantity": 1}}, {"model": "ordersapp.orderitem", "pk": 135, "fields": {"order": 37, "product": 40, "quantity": 3}}, {"model": "ordersapp.orderitem", "pk": 136, "fields": {"order": 37, "product": 36, "quantity": 2}}, {"model": "ordersapp.orderitem", "pk": 137, "fields": {"order": 37, "product": 35, "quantity": 2}}, {"model": "ordersapp.orderitem", "pk": 138, "fields": {"order": 37, "product": 39, "quantity": 1}}, {"model": "ordersapp.orderitem", "pk": 139, "fields": {"order": 37, "product": 28, "quantity": 1}}, {"model": "ordersapp.orderitem", "pk": 140, "fields": {"order": 37, "product": 39, "quantity": 0}}, {"model": "ordersapp.orderitem", "pk": 141, "fields": {"order": 38, "product": 40, "quantity": 3}}, {"model": "ordersapp.orderitem", "pk": 142, "fields": {"order": 38, "product": 36, "quantity": 2}}, {"model": "ordersapp.orderitem", "pk": 143, "fields": {"order": 38, "product": 35, "quantity": 2}}, {"model": "ordersapp.orderitem", "pk": 144, "fields": {"order": 38, "product": 39, "quantity": 1}}, {"model": "ordersapp.orderitem", "pk": 145, "fields": {"order": 38, "product": 28, "quantity": 1}}, {"model": "ordersapp.orderitem", "pk": 146, "fields": {"order": 39, "product": 40, "quantity": 3}}, {"model": "ordersapp.orderitem", "pk": 147, "fields": {"order": 39, "product": 39, "quantity": 2}}, {"model": "ordersapp.orderitem", "pk": 150, "fields": {"order": 41, "product": 40, "quantity": 1}}, {"model": "ordersapp.orderitem", "pk": 151, "fields": {"order": 41, "product": 39, "quantity": 1}}, {"model": "ordersapp.orderitem", "pk": 152, "fields": {"order": 41, "product": 35, "quantity": 1}}, {"model": "ordersapp.orderitem", "pk": 153, "fields": {"order": 41, "product": 36, "quantity": 1}}, {"model": "ordersapp.orderitem", "pk": 154, "fields": {"order": 41, "product": 32, "quantity": 1}}, {"model": "ordersapp.orderitem", "pk": 155, "fields": {"order": 41, "product": 33, "quantity": 1}}, {"model": "ordersapp.orderitem", "pk": 157, "fields": {"order": 43, "product": 35, "quantity": 1}}, {"model": "ordersapp.orderitem", "pk": 158, "fields": {"order": 43, "product": 36, "quantity": 1}}, {"model": "ordersapp.orderitem", "pk": 159, "fields": {"order": 43, "product": 39, "quantity": 1}}, {"model": "ordersapp.orderitem", "pk": 169, "fields": {"order": 57, "product": 40, "quantity": 2}}, {"model": "ordersapp.orderitem", "pk": 170, "fields": {"order": 57, "product": 39, "quantity": 2}}, {"model": "ordersapp.orderitem", "pk": 171, "fields": {"order": 57, "product": 36, "quantity": 8}}, {"model": "ordersapp.orderitem", "pk": 172, "fields": {"order": 57, "product": 35, "quantity": 1}}, {"model": "ordersapp.orderitem", "pk": 173, "fields": {"order": 57, "product": 33, "quantity": 1}}, {"model": "ordersapp.orderitem", "pk": 174, "fields": {"order": 57, "product": 32, "quantity": 1}}, {"model": "ordersapp.orderitem", "pk": 175, "fields": {"order": 58, "product": 36, "quantity": 2}}, {"model": "ordersapp.orderitem", "pk": 176, "fields": {"order": 58, "product": 31, "quantity": 2}}, {"model": "ordersapp.orderitem", "pk": 177, "fields": {"order": 59, "product": 34, "quantity": 1}}, {"model": "ordersapp.orderitem", "pk": 178, "fields": {"order": 59, "product": 32, "quantity": 1}}, {"model": "ordersapp.orderitem", "pk": 179, "fields": {"order": 60, "product": 32, "quantity": 1}}, {"model": "ordersapp.orderitem", "pk": 180, "fields": {"order": 60, "product": 39, "quantity": 1}}, {"model": "ordersapp.orderitem", "pk": 181, "fields": {"order": 60, "product": 31, "quantity": 1}}, {"model": "ordersapp.orderitem", "pk": 182, "fields": {"order": 60, "product": 28, "quantity": 1}}]